{
    "appid": "1511630",
    "type": "Game",
    "name": "TrackDayR",
    "schinese_name": "",
    "isfreeapp": "0",
    "change_number": "27542973",
    "update_time": "2025-02-19 05:59:02",
    "depot": {
        "1511631": {
            "config": {
                "oslist": "windows",
                "language": ""
            },
            "manifests": {
                "public": {
                    "gid": "1191040413095783797",
                    "size": "70951112369",
                    "download": "22136303568"
                }
            },
            "decryptionkey": "ee20318f0f85b282e4194e76c77e948511fa4f0bf8f925a03f91096c4db49db0"
        },
        "hasdepotsindlc": "0",
        "workshopdepot": "1511630",
        "branches": {
            "public": {
                "buildid": "17131191",
                "timeupdated": "1737827360"
            }
        },
        "privatebranches": "1",
        "workshopdepotdecryptionkey": ""
    }
}